[
  {
    "isSelected": false,
    "productCover": "https://img10.360buyimg.com/cms/s80x80_jfs/t6094/107/710811867/382815/4d54717/592bf165N755a88f0.jpg",
    "productName": "深入浅出Node.js1",
    "productInfo": "颜色：Node.js学习1",
    "productPrice": 57.8,
    "productCount": 3,
    "id":1
  },
  {
    "isSelected": true,
    "productCover": "https://img10.360buyimg.com/cms/s80x80_jfs/t6094/107/710811867/382815/4d54717/592bf165N755a88f0.jpg",
    "productName": "深入浅出Node.js2",
    "productInfo": "颜色：Node.js学习2",
    "productPrice": 77.7,
    "productCount": 8,
    "id":2
  }
]